title,description,type,status,decidedAt,publishedAt
Tarification interconnexion 2025,Fixation des tarifs de terminaison d'appel pour 2025,tarifaire,published,2025-01-15,2025-02-01
Renouvellement licence Orange,Autorisation de renouvellement de licence mobile pour 10 ans,licence,draft,,
Modalites QoS 2025,Definition des seuils de qualite de service applicables,reglementaire,published,2025-02-01,2025-02-15
Sanction Celcom QoS,Decision de sanction pour non conformite QoS,sanction,approved,2025-03-20,
Plan couverture nationale,Exigences de couverture pour les operateurs mobiles,reglementaire,draft,,
Tarifs mobile money,Encadrement des frais de transfert mobile money,tarifaire,published,2025-04-01,2025-04-15
Reglement des plaintes,Procedure normalisee de traitement des plaintes abonnes,reglementaire,published,2025-01-10,2025-01-25
Attribution bande 4G,Attribution des frequences pour les reseaux 4G,spectre,draft,,
Amende MTN tarifaire,Decision d'amende pour pratiques tarifaires abusives,sanction,approved,2025-05-01,
